Peptide,Protein,Replicate,Ratio To Standard,Peptide Retention Time,Quantification,Peptide Peak Found Ratio
IPIEDGSGEVVLSR,C3Beta-2,20230721_Orbi_600ng_pIgA_BJSC254_spiked_1,0.5716,32.38,3.9515 fmol,0.55
IPIEDGSGEVVLSR,C3Beta-2,20230721_Orbi_600ng_pIgA_BJSC254_spiked_2,0.581,32.46,4.0036 fmol,0.5
IPIEDGSGEVVLSR,C3Beta-2,20230721_Orbi_600ng_pIgA_BJSC254_spiked_3,0.5614,32.48,3.8954 fmol,0.5
IPIEDGSGEVVLSR,C3Beta-2,20230721_Orbi_STD1Mix_1,0.0544,33.14,1.099 fmol,0.65
IPIEDGSGEVVLSR,C3Beta-2,20230721_Orbi_STD2Mix_1,0.1999,33.17,1.9015 fmol,0.65
IPIEDGSGEVVLSR,C3Beta-2,20230721_Orbi_STD3Mix_1,0.4323,33.14,3.1831 fmol,0.65
IPIEDGSGEVVLSR,C3Beta-2,20230721_Orbi_STD4Mix_1,2.8716,33.08,16.6376 fmol,0.65
IPIEDGSGEVVLSR,C3Beta-2,20230721_Orbi_STD5Mix_1,3.4335,33.04,19.7365 fmol,0.65
IPIEDGSGEVVLSR,C3Beta-2,20230721_Orbi_600ng_pIgA_BJJH268_spiked_1,0.7532,32.39,4.9532 fmol,0.35
IPIEDGSGEVVLSR,C3Beta-2,20230721_Orbi_600ng_pIgA_BJJH268_spiked_2,0.7573,32.41,4.976 fmol,0.45
IPIEDGSGEVVLSR,C3Beta-2,20230721_Orbi_600ng_pIgA_BJJH268_spiked_3,0.7738,32.48,5.0665 fmol,0.3
IPIEDGSGEVVLSR,C3Beta-2,20230721_Orbi_STD1Mix_2,0.0554,33.28,1.1042 fmol,0.65
IPIEDGSGEVVLSR,C3Beta-2,20230721_Orbi_STD1Mix_3,0.0563,33.23,1.1091 fmol,0.65
IPIEDGSGEVVLSR,C3Beta-2,20230721_Orbi_STD2Mix_2,0.202,33.25,1.9127 fmol,0.65
IPIEDGSGEVVLSR,C3Beta-2,20230721_Orbi_STD2Mix_3,0.1994,33.25,1.8985 fmol,0.65
IPIEDGSGEVVLSR,C3Beta-2,20230721_Orbi_STD3Mix_2,0.4448,33.2,3.2524 fmol,0.65
IPIEDGSGEVVLSR,C3Beta-2,20230721_Orbi_STD3Mix_3,0.4331,33.22,3.1877 fmol,0.65
IPIEDGSGEVVLSR,C3Beta-2,20230721_Orbi_STD4Mix_2,2.8572,33.16,16.5582 fmol,0.65
IPIEDGSGEVVLSR,C3Beta-2,20230721_Orbi_STD4Mix_3,2.8588,33.27,16.5666 fmol,0.65
IPIEDGSGEVVLSR,C3Beta-2,20230721_Orbi_STD5Mix_2,3.4347,33.15,19.7431 fmol,0.65
IPIEDGSGEVVLSR,C3Beta-2,20230721_Orbi_STD5Mix_3,3.4105,33.11,19.6099 fmol,0.65
VPVAVQGEDTVQSLTQGDGVAK,C3Beta-4,20230721_Orbi_600ng_pIgA_BJSC254_spiked_1,30.2054,37.38,413.5219 fmol,0.78
VPVAVQGEDTVQSLTQGDGVAK,C3Beta-4,20230721_Orbi_600ng_pIgA_BJSC254_spiked_2,36.3951,37.53,548.6539 fmol,0.83
VPVAVQGEDTVQSLTQGDGVAK,C3Beta-4,20230721_Orbi_600ng_pIgA_BJSC254_spiked_3,33.8166,37.44,492.3601 fmol,0.83
VPVAVQGEDTVQSLTQGDGVAK,C3Beta-4,20230721_Orbi_STD1Mix_1,16.6397,38.57,117.356 fmol,0.94
VPVAVQGEDTVQSLTQGDGVAK,C3Beta-4,20230721_Orbi_STD2Mix_1,47.3421,38.58,787.6486 fmol,0.94
VPVAVQGEDTVQSLTQGDGVAK,C3Beta-4,20230721_Orbi_STD3Mix_1,58.8411,38.54,1038.6944 fmol,0.83
VPVAVQGEDTVQSLTQGDGVAK,C3Beta-4,20230721_Orbi_STD4Mix_1,78.7907,38.53,1474.2314 fmol,0.94
VPVAVQGEDTVQSLTQGDGVAK,C3Beta-4,20230721_Orbi_STD5Mix_1,84.1311,38.47,1590.8226 fmol,0.94
VPVAVQGEDTVQSLTQGDGVAK,C3Beta-4,20230721_Orbi_600ng_pIgA_BJJH268_spiked_1,0.0005,35.75,-245.9088 fmol,0.67
VPVAVQGEDTVQSLTQGDGVAK,C3Beta-4,20230721_Orbi_600ng_pIgA_BJJH268_spiked_2,0.0006,35.68,-245.9074 fmol,0.56
VPVAVQGEDTVQSLTQGDGVAK,C3Beta-4,20230721_Orbi_600ng_pIgA_BJJH268_spiked_3,0.0006,35.7,-245.9084 fmol,0.44
VPVAVQGEDTVQSLTQGDGVAK,C3Beta-4,20230721_Orbi_STD1Mix_2,0.0018,37.05,-245.8807 fmol,0.89
VPVAVQGEDTVQSLTQGDGVAK,C3Beta-4,20230721_Orbi_STD1Mix_3,0.0028,37.01,-245.8599 fmol,0.89
VPVAVQGEDTVQSLTQGDGVAK,C3Beta-4,20230721_Orbi_STD2Mix_2,0.0004,37.07,-245.911 fmol,0.89
VPVAVQGEDTVQSLTQGDGVAK,C3Beta-4,20230721_Orbi_STD2Mix_3,0.0028,37.08,-245.8602 fmol,0.89
VPVAVQGEDTVQSLTQGDGVAK,C3Beta-4,20230721_Orbi_STD3Mix_2,0.0015,37.08,-245.8875 fmol,0.89
VPVAVQGEDTVQSLTQGDGVAK,C3Beta-4,20230721_Orbi_STD3Mix_3,0.0015,36.98,-245.8889 fmol,0.89
VPVAVQGEDTVQSLTQGDGVAK,C3Beta-4,20230721_Orbi_STD4Mix_2,0.0033,37.02,-245.8477 fmol,0.89
VPVAVQGEDTVQSLTQGDGVAK,C3Beta-4,20230721_Orbi_STD4Mix_3,0.0019,37.07,-245.8798 fmol,0.89
VPVAVQGEDTVQSLTQGDGVAK,C3Beta-4,20230721_Orbi_STD5Mix_2,0.0024,36.94,-245.8678 fmol,0.94
VPVAVQGEDTVQSLTQGDGVAK,C3Beta-4,20230721_Orbi_STD5Mix_3,0.0023,36.9,-245.8694 fmol,0.94
VTIKPAPETEKRPQDAK,C3b-2,20230721_Orbi_600ng_pIgA_BJSC254_spiked_1,3.0227,50.75,18.1901 fmol,0.46
VTIKPAPETEKRPQDAK,C3b-2,20230721_Orbi_600ng_pIgA_BJSC254_spiked_2,0.1425,38.23,0.9856 fmol,0.36
VTIKPAPETEKRPQDAK,C3b-2,20230721_Orbi_600ng_pIgA_BJSC254_spiked_3,0,7.15,0.1345 fmol,0.18
VTIKPAPETEKRPQDAK,C3b-2,20230721_Orbi_STD1Mix_1,0.0277,7.47,0.3002 fmol,0.21
VTIKPAPETEKRPQDAK,C3b-2,20230721_Orbi_STD2Mix_1,0.2913,7.98,1.8748 fmol,0.21
VTIKPAPETEKRPQDAK,C3b-2,20230721_Orbi_STD3Mix_1,0.7555,7.52,4.6474 fmol,0.21
VTIKPAPETEKRPQDAK,C3b-2,20230721_Orbi_STD4Mix_1,2.4071,6.77,14.5127 fmol,0.21
VTIKPAPETEKRPQDAK,C3b-2,20230721_Orbi_STD5Mix_1,3.5091,11.47,21.0954 fmol,0.21
VTIKPAPETEKRPQDAK,C3b-2,20230721_Orbi_600ng_pIgA_BJJH268_spiked_1,0.7466,60.8,4.5944 fmol,0.43
VTIKPAPETEKRPQDAK,C3b-2,20230721_Orbi_600ng_pIgA_BJJH268_spiked_2,0.0033,38.22,0.1544 fmol,0.39
VTIKPAPETEKRPQDAK,C3b-2,20230721_Orbi_600ng_pIgA_BJJH268_spiked_3,0.0104,38.57,0.1964 fmol,0.29
VTIKPAPETEKRPQDAK,C3b-2,20230721_Orbi_STD1Mix_2,0.0341,8.24,0.3384 fmol,0.18
VTIKPAPETEKRPQDAK,C3b-2,20230721_Orbi_STD1Mix_3,0.019,8.16,0.2477 fmol,0.21
VTIKPAPETEKRPQDAK,C3b-2,20230721_Orbi_STD2Mix_2,0.4319,11.57,2.7145 fmol,0.21
VTIKPAPETEKRPQDAK,C3b-2,20230721_Orbi_STD2Mix_3,0.2896,8.2,1.8645 fmol,0.21
VTIKPAPETEKRPQDAK,C3b-2,20230721_Orbi_STD3Mix_2,0.7817,13.1,4.8037 fmol,0.21
VTIKPAPETEKRPQDAK,C3b-2,20230721_Orbi_STD3Mix_3,0.7939,12.03,4.8768 fmol,0.21
VTIKPAPETEKRPQDAK,C3b-2,20230721_Orbi_STD4Mix_2,2.5058,13.09,15.1024 fmol,0.21
VTIKPAPETEKRPQDAK,C3b-2,20230721_Orbi_STD4Mix_3,2.4027,12.44,14.4864 fmol,0.21
VTIKPAPETEKRPQDAK,C3b-2,20230721_Orbi_STD5Mix_2,3.2461,12.39,19.5243 fmol,0.21
VTIKPAPETEKRPQDAK,C3b-2,20230721_Orbi_STD5Mix_3,3.5116,8.01,21.1107 fmol,0.21
NTLIIYLDK,C3b-4,20230721_Orbi_600ng_pIgA_BJSC254_spiked_1,2446.4014,37.9,48.4384 fmol,0.22
NTLIIYLDK,C3b-4,20230721_Orbi_600ng_pIgA_BJSC254_spiked_2,686.9645,37.98,18.3873 fmol,0.39
NTLIIYLDK,C3b-4,20230721_Orbi_600ng_pIgA_BJSC254_spiked_3,1347.6597,37.95,29.672 fmol,0.39
NTLIIYLDK,C3b-4,20230721_Orbi_STD1Mix_1,3.0994,39.89,6.707 fmol,0.5
NTLIIYLDK,C3b-4,20230721_Orbi_STD2Mix_1,13.7487,39.89,6.8889 fmol,0.5
NTLIIYLDK,C3b-4,20230721_Orbi_STD3Mix_1,53.6527,39.84,7.5704 fmol,0.5
NTLIIYLDK,C3b-4,20230721_Orbi_STD4Mix_1,152.6581,39.84,9.2614 fmol,0.61
NTLIIYLDK,C3b-4,20230721_Orbi_STD5Mix_1,3673.9519,39.77,69.4049 fmol,0.5
NTLIIYLDK,C3b-4,20230721_Orbi_600ng_pIgA_BJJH268_spiked_1,292.5626,37.82,11.651 fmol,0.39
NTLIIYLDK,C3b-4,20230721_Orbi_600ng_pIgA_BJJH268_spiked_2,220.8531,37.92,10.4262 fmol,0.39
NTLIIYLDK,C3b-4,20230721_Orbi_600ng_pIgA_BJJH268_spiked_3,445.5672,37.82,14.2643 fmol,0.44
NTLIIYLDK,C3b-4,20230721_Orbi_STD1Mix_2,2.3167,39.93,6.6936 fmol,0.5
NTLIIYLDK,C3b-4,20230721_Orbi_STD1Mix_3,2.7251,39.93,6.7006 fmol,0.5
NTLIIYLDK,C3b-4,20230721_Orbi_STD2Mix_2,13.84,39.95,6.8904 fmol,0.5
NTLIIYLDK,C3b-4,20230721_Orbi_STD2Mix_3,13.8084,39.93,6.8899 fmol,0.5
NTLIIYLDK,C3b-4,20230721_Orbi_STD3Mix_2,52.3099,39.92,7.5475 fmol,0.5
NTLIIYLDK,C3b-4,20230721_Orbi_STD3Mix_3,49.7229,39.88,7.5033 fmol,0.5
NTLIIYLDK,C3b-4,20230721_Orbi_STD4Mix_2,138.1423,39.84,9.0135 fmol,0.67
NTLIIYLDK,C3b-4,20230721_Orbi_STD4Mix_3,136.0921,39.94,8.9785 fmol,0.56
NTLIIYLDK,C3b-4,20230721_Orbi_STD5Mix_2,2456.74,39.92,48.615 fmol,0.5
NTLIIYLDK,C3b-4,20230721_Orbi_STD5Mix_3,2323.262,39.84,46.3352 fmol,0.44
SNLDEDIIAEENIVSR,C3c-2,20230721_Orbi_600ng_pIgA_BJSC254_spiked_1,1.2899,42.26,6.9288 fmol,0.33
SNLDEDIIAEENIVSR,C3c-2,20230721_Orbi_600ng_pIgA_BJSC254_spiked_2,1.3981,42.32,7.4984 fmol,0.39
SNLDEDIIAEENIVSR,C3c-2,20230721_Orbi_600ng_pIgA_BJSC254_spiked_3,1.3025,42.37,6.9951 fmol,0.33
SNLDEDIIAEENIVSR,C3c-2,20230721_Orbi_STD1Mix_1,0.0999,43.09,0.6655 fmol,0.39
SNLDEDIIAEENIVSR,C3c-2,20230721_Orbi_STD2Mix_1,0.3572,43.19,2.0199 fmol,0.39
SNLDEDIIAEENIVSR,C3c-2,20230721_Orbi_STD3Mix_1,0.8994,43.06,4.8737 fmol,0.44
SNLDEDIIAEENIVSR,C3c-2,20230721_Orbi_STD4Mix_1,2.5361,43.11,13.4887 fmol,0.44
SNLDEDIIAEENIVSR,C3c-2,20230721_Orbi_STD5Mix_1,4.0306,43.13,21.3553 fmol,0.44
SNLDEDIIAEENIVSR,C3c-2,20230721_Orbi_600ng_pIgA_BJJH268_spiked_1,2.0082,42.35,10.7101 fmol,0.33
SNLDEDIIAEENIVSR,C3c-2,20230721_Orbi_600ng_pIgA_BJJH268_spiked_2,2.0496,42.37,10.9278 fmol,0.39
SNLDEDIIAEENIVSR,C3c-2,20230721_Orbi_600ng_pIgA_BJJH268_spiked_3,1.9698,42.38,10.5076 fmol,0.33
SNLDEDIIAEENIVSR,C3c-2,20230721_Orbi_STD1Mix_2,0.1017,43.15,0.6746 fmol,0.39
SNLDEDIIAEENIVSR,C3c-2,20230721_Orbi_STD1Mix_3,0.1152,43.15,0.7457 fmol,0.39
SNLDEDIIAEENIVSR,C3c-2,20230721_Orbi_STD2Mix_2,0.3871,43.18,2.1768 fmol,0.44
SNLDEDIIAEENIVSR,C3c-2,20230721_Orbi_STD2Mix_3,0.3634,43.15,2.0523 fmol,0.44
SNLDEDIIAEENIVSR,C3c-2,20230721_Orbi_STD3Mix_2,0.9142,43.21,4.9513 fmol,0.44
SNLDEDIIAEENIVSR,C3c-2,20230721_Orbi_STD3Mix_3,0.9457,43.2,5.1173 fmol,0.44
SNLDEDIIAEENIVSR,C3c-2,20230721_Orbi_STD4Mix_2,2.5113,43.12,13.3579 fmol,0.44
SNLDEDIIAEENIVSR,C3c-2,20230721_Orbi_STD4Mix_3,2.4231,43.2,12.8939 fmol,0.44
SNLDEDIIAEENIVSR,C3c-2,20230721_Orbi_STD5Mix_2,4.0875,43.22,21.6545 fmol,0.44
SNLDEDIIAEENIVSR,C3c-2,20230721_Orbi_STD5Mix_3,4.0529,43.23,21.4726 fmol,0.44
GYTQQLAFR,C3dg-2,20230721_Orbi_600ng_pIgA_BJSC254_spiked_1,1.6855,29.09,16.6686 fmol,0.39
GYTQQLAFR,C3dg-2,20230721_Orbi_600ng_pIgA_BJSC254_spiked_2,1.6901,29.17,16.7144 fmol,0.33
GYTQQLAFR,C3dg-2,20230721_Orbi_600ng_pIgA_BJSC254_spiked_3,1.857,29.24,18.3949 fmol,0.39
GYTQQLAFR,C3dg-2,20230721_Orbi_STD1Mix_1,0.064,29.79,0.3472 fmol,0.67
GYTQQLAFR,C3dg-2,20230721_Orbi_STD2Mix_1,0.2406,29.87,2.1244 fmol,0.67
GYTQQLAFR,C3dg-2,20230721_Orbi_STD3Mix_1,0.5468,29.74,5.2068 fmol,0.67
GYTQQLAFR,C3dg-2,20230721_Orbi_STD4Mix_1,1.3669,29.76,13.4616 fmol,0.67
GYTQQLAFR,C3dg-2,20230721_Orbi_STD5Mix_1,2.1576,29.73,21.4203 fmol,0.67
GYTQQLAFR,C3dg-2,20230721_Orbi_600ng_pIgA_BJJH268_spiked_1,7.2355,29.11,72.5314 fmol,0.44
GYTQQLAFR,C3dg-2,20230721_Orbi_600ng_pIgA_BJJH268_spiked_2,6.3473,29.16,63.5913 fmol,0.5
GYTQQLAFR,C3dg-2,20230721_Orbi_600ng_pIgA_BJJH268_spiked_3,6.8208,29.3,68.3581 fmol,0.44
GYTQQLAFR,C3dg-2,20230721_Orbi_STD1Mix_2,0.0638,29.94,0.345 fmol,0.67
GYTQQLAFR,C3dg-2,20230721_Orbi_STD1Mix_3,0.0639,29.9,0.3458 fmol,0.67
GYTQQLAFR,C3dg-2,20230721_Orbi_STD2Mix_2,0.2418,29.93,2.1373 fmol,0.67
GYTQQLAFR,C3dg-2,20230721_Orbi_STD2Mix_3,0.2396,29.92,2.1143 fmol,0.67
GYTQQLAFR,C3dg-2,20230721_Orbi_STD3Mix_2,0.557,29.9,5.3093 fmol,0.67
GYTQQLAFR,C3dg-2,20230721_Orbi_STD3Mix_3,0.5549,29.9,5.288 fmol,0.67
GYTQQLAFR,C3dg-2,20230721_Orbi_STD4Mix_2,1.3744,29.86,13.537 fmol,0.67
GYTQQLAFR,C3dg-2,20230721_Orbi_STD4Mix_3,1.3703,29.95,13.4959 fmol,0.67
GYTQQLAFR,C3dg-2,20230721_Orbi_STD5Mix_2,2.1442,29.91,21.2858 fmol,0.67
GYTQQLAFR,C3dg-2,20230721_Orbi_STD5Mix_3,2.1239,29.88,21.0813 fmol,0.67
APSTWLTAYVVK,C3dg-4,20230721_Orbi_600ng_pIgA_BJSC254_spiked_1,0.1846,44.62,5.0007 fmol,0.6
APSTWLTAYVVK,C3dg-4,20230721_Orbi_600ng_pIgA_BJSC254_spiked_2,0.1633,44.65,4.4706 fmol,0.65
APSTWLTAYVVK,C3dg-4,20230721_Orbi_600ng_pIgA_BJSC254_spiked_3,0.1802,44.65,4.891 fmol,0.65
APSTWLTAYVVK,C3dg-4,20230721_Orbi_STD1Mix_1,0.0187,45.18,0.8625 fmol,0.6
APSTWLTAYVVK,C3dg-4,20230721_Orbi_STD2Mix_1,0.0781,45.23,2.3441 fmol,0.75
APSTWLTAYVVK,C3dg-4,20230721_Orbi_STD3Mix_1,0.1655,45.1,4.5239 fmol,0.75
APSTWLTAYVVK,C3dg-4,20230721_Orbi_STD4Mix_1,0.4704,45.11,12.1332 fmol,0.75
APSTWLTAYVVK,C3dg-4,20230721_Orbi_STD5Mix_1,0.8743,45.11,22.2093 fmol,0.75
APSTWLTAYVVK,C3dg-4,20230721_Orbi_600ng_pIgA_BJJH268_spiked_1,0.2735,44.65,7.219 fmol,0.6
APSTWLTAYVVK,C3dg-4,20230721_Orbi_600ng_pIgA_BJJH268_spiked_2,0.259,44.63,6.8571 fmol,0.7
APSTWLTAYVVK,C3dg-4,20230721_Orbi_600ng_pIgA_BJJH268_spiked_3,0.2596,44.66,6.8736 fmol,0.65
APSTWLTAYVVK,C3dg-4,20230721_Orbi_STD1Mix_2,0.0187,45.28,0.8636 fmol,0.6
APSTWLTAYVVK,C3dg-4,20230721_Orbi_STD1Mix_3,0.0189,45.23,0.8679 fmol,0.6
APSTWLTAYVVK,C3dg-4,20230721_Orbi_STD2Mix_2,0.0755,45.26,2.2789 fmol,0.75
APSTWLTAYVVK,C3dg-4,20230721_Orbi_STD2Mix_3,0.0742,45.26,2.2462 fmol,0.75
APSTWLTAYVVK,C3dg-4,20230721_Orbi_STD3Mix_2,0.1528,45.2,4.2084 fmol,0.75
APSTWLTAYVVK,C3dg-4,20230721_Orbi_STD3Mix_3,0.1641,45.19,4.4895 fmol,0.75
APSTWLTAYVVK,C3dg-4,20230721_Orbi_STD4Mix_2,0.5701,45.11,14.619 fmol,0.75
APSTWLTAYVVK,C3dg-4,20230721_Orbi_STD4Mix_3,0.5352,45.16,13.749 fmol,0.75
APSTWLTAYVVK,C3dg-4,20230721_Orbi_STD5Mix_2,0.7792,45.17,19.8366 fmol,0.75
APSTWLTAYVVK,C3dg-4,20230721_Orbi_STD5Mix_3,0.8766,45.16,22.2678 fmol,0.75
ILLQGTPVAQMTEDAVDAER,C3dg-6,20230721_Orbi_600ng_pIgA_BJSC254_spiked_1,1.5772,48.47,20.8725 fmol,0.5
ILLQGTPVAQMTEDAVDAER,C3dg-6,20230721_Orbi_600ng_pIgA_BJSC254_spiked_2,1.7785,48.49,23.2805 fmol,0.55
ILLQGTPVAQMTEDAVDAER,C3dg-6,20230721_Orbi_600ng_pIgA_BJSC254_spiked_3,1.5769,48.51,20.8686 fmol,0.5
ILLQGTPVAQMTEDAVDAER,C3dg-6,20230721_Orbi_STD1Mix_1,0.0376,48.79,2.4523 fmol,0.5
ILLQGTPVAQMTEDAVDAER,C3dg-6,20230721_Orbi_STD2Mix_1,0,48.78,2.0025 fmol,0.15
ILLQGTPVAQMTEDAVDAER,C3dg-6,20230721_Orbi_STD3Mix_1,0.7278,48.72,10.7099 fmol,0.3
ILLQGTPVAQMTEDAVDAER,C3dg-6,20230721_Orbi_STD4Mix_1,1.6284,48.77,21.4849 fmol,0.55
ILLQGTPVAQMTEDAVDAER,C3dg-6,20230721_Orbi_STD5Mix_1,3.724,48.79,46.5577 fmol,0.55
ILLQGTPVAQMTEDAVDAER,C3dg-6,20230721_Orbi_600ng_pIgA_BJJH268_spiked_1,2.8956,48.48,36.6461 fmol,0.55
ILLQGTPVAQMTEDAVDAER,C3dg-6,20230721_Orbi_600ng_pIgA_BJJH268_spiked_2,3.1485,48.48,39.6713 fmol,0.6
ILLQGTPVAQMTEDAVDAER,C3dg-6,20230721_Orbi_600ng_pIgA_BJJH268_spiked_3,3.1058,48.46,39.1609 fmol,0.5
ILLQGTPVAQMTEDAVDAER,C3dg-6,20230721_Orbi_STD1Mix_2,0.0396,48.85,2.4768 fmol,0.5
ILLQGTPVAQMTEDAVDAER,C3dg-6,20230721_Orbi_STD1Mix_3,0.0562,48.81,2.6743 fmol,0.5
ILLQGTPVAQMTEDAVDAER,C3dg-6,20230721_Orbi_STD2Mix_2,0.2783,48.86,5.3319 fmol,0.5
ILLQGTPVAQMTEDAVDAER,C3dg-6,20230721_Orbi_STD2Mix_3,0.2808,48.9,5.362 fmol,0.3
ILLQGTPVAQMTEDAVDAER,C3dg-6,20230721_Orbi_STD3Mix_2,0.7012,48.79,10.3922 fmol,0.3
ILLQGTPVAQMTEDAVDAER,C3dg-6,20230721_Orbi_STD3Mix_3,0.7057,48.84,10.4454 fmol,0.3
ILLQGTPVAQMTEDAVDAER,C3dg-6,20230721_Orbi_STD4Mix_2,1.6536,48.8,21.786 fmol,0.55
ILLQGTPVAQMTEDAVDAER,C3dg-6,20230721_Orbi_STD4Mix_3,1.6564,48.85,21.8205 fmol,0.55
ILLQGTPVAQMTEDAVDAER,C3dg-6,20230721_Orbi_STD5Mix_2,3.677,48.9,45.9945 fmol,0.55
ILLQGTPVAQMTEDAVDAER,C3dg-6,20230721_Orbi_STD5Mix_3,3.6364,48.85,45.5092 fmol,0.55
VHYLDETEQWEK,C3d-2,20230721_Orbi_600ng_pIgA_BJSC254_spiked_1,0.3024,30.54,2.7616 fmol,0.56
VHYLDETEQWEK,C3d-2,20230721_Orbi_600ng_pIgA_BJSC254_spiked_2,0.1919,30.65,2.0189 fmol,0.5
VHYLDETEQWEK,C3d-2,20230721_Orbi_600ng_pIgA_BJSC254_spiked_3,0.1644,30.64,1.8344 fmol,0.5
VHYLDETEQWEK,C3d-2,20230721_Orbi_STD1Mix_1,0.0616,31.38,1.1434 fmol,0.5
VHYLDETEQWEK,C3d-2,20230721_Orbi_STD2Mix_1,0.1934,31.48,2.029 fmol,0.5
VHYLDETEQWEK,C3d-2,20230721_Orbi_STD3Mix_1,0.5128,31.38,4.1764 fmol,0.5
VHYLDETEQWEK,C3d-2,20230721_Orbi_STD4Mix_1,2.0465,31.33,14.4855 fmol,0.56
VHYLDETEQWEK,C3d-2,20230721_Orbi_STD5Mix_1,3.0608,31.25,21.3035 fmol,0.67
VHYLDETEQWEK,C3d-2,20230721_Orbi_600ng_pIgA_BJJH268_spiked_1,0.2328,30.58,2.2939 fmol,0.56
VHYLDETEQWEK,C3d-2,20230721_Orbi_600ng_pIgA_BJJH268_spiked_2,0.268,30.57,2.5303 fmol,0.5
VHYLDETEQWEK,C3d-2,20230721_Orbi_600ng_pIgA_BJJH268_spiked_3,0.2465,30.68,2.3864 fmol,0.56
VHYLDETEQWEK,C3d-2,20230721_Orbi_STD1Mix_2,0.0644,31.55,1.1624 fmol,0.5
VHYLDETEQWEK,C3d-2,20230721_Orbi_STD1Mix_3,0.0622,31.5,1.147 fmol,0.5
VHYLDETEQWEK,C3d-2,20230721_Orbi_STD2Mix_2,0.199,31.5,2.0666 fmol,0.5
VHYLDETEQWEK,C3d-2,20230721_Orbi_STD2Mix_3,0.2025,31.47,2.0904 fmol,0.5
VHYLDETEQWEK,C3d-2,20230721_Orbi_STD3Mix_2,0.4981,31.48,4.0776 fmol,0.33
VHYLDETEQWEK,C3d-2,20230721_Orbi_STD3Mix_3,0.4743,31.47,3.9174 fmol,0.33
VHYLDETEQWEK,C3d-2,20230721_Orbi_STD4Mix_2,1.9517,31.4,13.8484 fmol,0.33
VHYLDETEQWEK,C3d-2,20230721_Orbi_STD4Mix_3,1.9606,31.48,13.9081 fmol,0.67
VHYLDETEQWEK,C3d-2,20230721_Orbi_STD5Mix_2,2.9057,31.42,20.2613 fmol,0.61
VHYLDETEQWEK,C3d-2,20230721_Orbi_STD5Mix_3,3.147,31.38,21.8831 fmol,0.67
DFDFVPPVVR,C3d-4,20230721_Orbi_600ng_pIgA_BJSC254_spiked_1,1.605,43.84,24.2465 fmol,0.59
DFDFVPPVVR,C3d-4,20230721_Orbi_600ng_pIgA_BJSC254_spiked_2,1.7178,43.88,25.968 fmol,0.55
DFDFVPPVVR,C3d-4,20230721_Orbi_600ng_pIgA_BJSC254_spiked_3,1.6862,43.88,25.4865 fmol,0.5
DFDFVPPVVR,C3d-4,20230721_Orbi_STD1Mix_1,0.0392,44.56,0.345 fmol,0.64
DFDFVPPVVR,C3d-4,20230721_Orbi_STD2Mix_1,0.1472,44.55,1.9941 fmol,0.64
DFDFVPPVVR,C3d-4,20230721_Orbi_STD3Mix_1,0.3187,44.52,4.6116 fmol,0.64
DFDFVPPVVR,C3d-4,20230721_Orbi_STD4Mix_1,1.0341,44.49,15.5318 fmol,0.64
DFDFVPPVVR,C3d-4,20230721_Orbi_STD5Mix_1,1.3454,44.5,20.2831 fmol,0.64
DFDFVPPVVR,C3d-4,20230721_Orbi_600ng_pIgA_BJJH268_spiked_1,2.3885,43.88,36.2055 fmol,0.45
DFDFVPPVVR,C3d-4,20230721_Orbi_600ng_pIgA_BJJH268_spiked_2,2.5294,43.83,38.3575 fmol,0.55
DFDFVPPVVR,C3d-4,20230721_Orbi_600ng_pIgA_BJJH268_spiked_3,2.4892,43.87,37.7429 fmol,0.59
DFDFVPPVVR,C3d-4,20230721_Orbi_STD1Mix_2,0.04,44.64,0.3582 fmol,0.64
DFDFVPPVVR,C3d-4,20230721_Orbi_STD1Mix_3,0.0402,44.61,0.3603 fmol,0.45
DFDFVPPVVR,C3d-4,20230721_Orbi_STD2Mix_2,0.1482,44.64,2.0094 fmol,0.64
DFDFVPPVVR,C3d-4,20230721_Orbi_STD2Mix_3,0.1463,44.62,1.9808 fmol,0.64
DFDFVPPVVR,C3d-4,20230721_Orbi_STD3Mix_2,0.3164,44.58,4.5762 fmol,0.64
DFDFVPPVVR,C3d-4,20230721_Orbi_STD3Mix_3,0.3296,44.56,4.7781 fmol,0.64
DFDFVPPVVR,C3d-4,20230721_Orbi_STD4Mix_2,1.0037,44.5,15.0682 fmol,0.64
DFDFVPPVVR,C3d-4,20230721_Orbi_STD4Mix_3,1.0048,44.57,15.0847 fmol,0.64
DFDFVPPVVR,C3d-4,20230721_Orbi_STD5Mix_2,1.3453,44.53,20.2817 fmol,0.64
DFDFVPPVVR,C3d-4,20230721_Orbi_STD5Mix_3,1.3423,44.48,20.2368 fmol,0.64
SSKITHRIHWESASLLR,C3f-2,20230721_Orbi_600ng_pIgA_BJSC254_spiked_1,0.7655,32.18,NaN fmol,0.67
SSKITHRIHWESASLLR,C3f-2,20230721_Orbi_600ng_pIgA_BJSC254_spiked_2,0.22,59.28,NaN fmol,0.94
SSKITHRIHWESASLLR,C3f-2,20230721_Orbi_600ng_pIgA_BJSC254_spiked_3,0.5548,36.24,NaN fmol,0.5
SSKITHRIHWESASLLR,C3f-2,20230721_Orbi_STD1Mix_1,3.40282E+38,12.9,NaN fmol,0.06
SSKITHRIHWESASLLR,C3f-2,20230721_Orbi_STD2Mix_1,NaN,33.26,NaN fmol,0
SSKITHRIHWESASLLR,C3f-2,20230721_Orbi_STD3Mix_1,0.0839,33.34,NaN fmol,0.11
SSKITHRIHWESASLLR,C3f-2,20230721_Orbi_STD4Mix_1,11.4481,32.98,NaN fmol,0.28
SSKITHRIHWESASLLR,C3f-2,20230721_Orbi_STD5Mix_1,258.5813,32.79,NaN fmol,0.22
SSKITHRIHWESASLLR,C3f-2,20230721_Orbi_600ng_pIgA_BJJH268_spiked_1,0.0496,58.87,NaN fmol,0.67
SSKITHRIHWESASLLR,C3f-2,20230721_Orbi_600ng_pIgA_BJJH268_spiked_2,5.2055,59.55,NaN fmol,0.83
SSKITHRIHWESASLLR,C3f-2,20230721_Orbi_600ng_pIgA_BJJH268_spiked_3,0.8909,62.89,NaN fmol,0.72
SSKITHRIHWESASLLR,C3f-2,20230721_Orbi_STD1Mix_2,0.0963,74.82,NaN fmol,0.33
SSKITHRIHWESASLLR,C3f-2,20230721_Orbi_STD1Mix_3,0,37.04,NaN fmol,0.17
SSKITHRIHWESASLLR,C3f-2,20230721_Orbi_STD2Mix_2,0.3115,78.95,NaN fmol,0.22
SSKITHRIHWESASLLR,C3f-2,20230721_Orbi_STD2Mix_3,0.3741,77.46,NaN fmol,0.28
SSKITHRIHWESASLLR,C3f-2,20230721_Orbi_STD3Mix_2,1.2909,78.41,NaN fmol,0.33
SSKITHRIHWESASLLR,C3f-2,20230721_Orbi_STD3Mix_3,1.0843,37,NaN fmol,0.17
SSKITHRIHWESASLLR,C3f-2,20230721_Orbi_STD4Mix_2,2.7688,32.93,NaN fmol,0.33
SSKITHRIHWESASLLR,C3f-2,20230721_Orbi_STD4Mix_3,0.5875,37.9,NaN fmol,0.33
SSKITHRIHWESASLLR,C3f-2,20230721_Orbi_STD5Mix_2,0.7751,37.46,NaN fmol,0.22
SSKITHRIHWESASLLR,C3f-2,20230721_Orbi_STD5Mix_3,0.8718,37.04,NaN fmol,0.22
SVQLTEK,C3a-2,20230721_Orbi_600ng_pIgA_BJSC254_spiked_1,3.40282E+38,5.02,NaN fmol,0.06
SVQLTEK,C3a-2,20230721_Orbi_600ng_pIgA_BJSC254_spiked_2,NaN,5.02,NaN fmol,0.11
SVQLTEK,C3a-2,20230721_Orbi_600ng_pIgA_BJSC254_spiked_3,0,5.01,0.8211 fmol,0.22
SVQLTEK,C3a-2,20230721_Orbi_STD1Mix_1,0.0072,5.01,0.8211 fmol,0.44
SVQLTEK,C3a-2,20230721_Orbi_STD2Mix_1,0.0558,5.01,1.3773 fmol,0.5
SVQLTEK,C3a-2,20230721_Orbi_STD3Mix_1,0.1721,5.01,#N/A,0.5
SVQLTEK,C3a-2,20230721_Orbi_STD4Mix_1,1.2531,5.02,#N/A,0.72
SVQLTEK,C3a-2,20230721_Orbi_STD5Mix_1,1.8918,5.02,#N/A,0.72
SVQLTEK,C3a-2,20230721_Orbi_600ng_pIgA_BJJH268_spiked_1,0.7122,6.23,19.1567 fmol,0.33
SVQLTEK,C3a-2,20230721_Orbi_600ng_pIgA_BJJH268_spiked_2,8.4795,5.2,219.1268 fmol,0.11
SVQLTEK,C3a-2,20230721_Orbi_600ng_pIgA_BJJH268_spiked_3,0,6.24,0.8211 fmol,0.17
SVQLTEK,C3a-2,20230721_Orbi_STD1Mix_2,0.0158,5.51,1.2278 fmol,0.56
SVQLTEK,C3a-2,20230721_Orbi_STD1Mix_3,0.0053,5.19,0.9574 fmol,0.5
SVQLTEK,C3a-2,20230721_Orbi_STD2Mix_2,0.0583,5.01,0.9189 fmol,0.5
SVQLTEK,C3a-2,20230721_Orbi_STD2Mix_3,0.0572,5.01,1.4446 fmol,0.44
SVQLTEK,C3a-2,20230721_Orbi_STD3Mix_2,0.1916,5.05,5.7531 fmol,0.5
SVQLTEK,C3a-2,20230721_Orbi_STD3Mix_3,0.2376,5.01,#N/A,0.5
SVQLTEK,C3a-2,20230721_Orbi_STD4Mix_2,1.3228,5.02,#N/A,0.72
SVQLTEK,C3a-2,20230721_Orbi_STD4Mix_3,1.4235,5.02,#N/A,0.72
SVQLTEK,C3a-2,20230721_Orbi_STD5Mix_2,1.9777,5.02,#N/A,0.72
SVQLTEK,C3a-2,20230721_Orbi_STD5Mix_3,1.91,5.02,#N/A,0.72
